Supplier,Lead_Time,Defective_Units,Negotiation_Savings,Compliance_Rate
Alpha_Inc,10.741379310344827,23.967741935483872,4784.345862068965,0.9310344827586207
Beta_Supplies,11.272727272727273,104.4308943089431,5821.9792307692305,0.7552447552447552
Delta_Logistics,10.85430463576159,157.54954954954954,4618.3019867549665,0.6026490066225165
Epsilon_Group,10.865771812080537,33.42063492063492,5077.277785234899,0.9798657718120806
Gamma_Co,10.192307692307692,56.426086956521736,5151.321692307692,0.8538461538461538
